{
	// 钱袋子不同等级升级所需要的上飞Coin数量
	"CoinCountOfUpgrade":{
		"1":1,
		"2":2,
		"3":3,
		"4":15
	},
	// 触发reel倒转的需要的Bet倍率阈值
	"ReelReverseBetMultiplier":10,
    // 触发reel倒转的概率
    "ReelReverseProbability":0.8,
  // 触发Bonus的概率
  "BonusTriggerProbability":0.16,
  // 每列中不同JP的概率
  "JackpotProbability":[
		[ 0.6999999, 0.3, 0, 0.0000001 ],
	  [0.7,0.3,0,0],
	  [1,0,0,0],
	  [0.69999,0.3,0.00001,0]
	  //[1,0,0,0]
  ],
  // 牛头升级Wild的倍率
  "UpgradeMultiplier":[2,3,4,5,6,7],
  // 牛头升级Wild的倍率概率
  "UpgradeMultiplierProbability":[0.2,0.3,0.3,0.2,0,0],
  // Reel最终结果Symbol的集合
  "ResultSymbols":["PIC01","PIC02","PIC03","PIC04","PIC05","A","K","Q","J","T","N","Coin","Wild","Scatter"],
  "ResultChooseProbability":0.139,
  // Reel最终结果Symbol选取概率,包含Scatter
	"ResultScatterSymbolsProbability": [
		[ 0.05, 0.05, 0.08, 0.08, 0.08, 0.12, 0.12, 0.12, 0.1, 0.1, 0.1, 0, 0, 0 ],
		[ 0.05, 0.05, 0.05, 0.05, 0.05, 0.1, 0.1, 0.1, 0.05, 0.05, 0.05, 0, 0.3, 0 ],
		[ 0.05, 0.05, 0.05, 0.05, 0.05, 0.1, 0.1, 0.1, 0.05, 0.05, 0.05, 0, 0.3, 0 ],
		[ 0.05, 0.05, 0.05, 0.1, 0.1, 0.1, 0.1, 0.1, 0.1, 0.1, 0.1, 0, 0.05, 0 ],
		[ 0.05, 0.05, 0.05, 0.1, 0.1, 0.1, 0.1, 0.1, 0.1, 0.1, 0.1, 0, 0.05, 0 ],
		[ 0.03, 0.03, 0.03, 0.03, 0.03, 0.05, 0.05, 0.05, 0.05, 0.05, 0.05, 0, 0.05, 0.5 ],//center
		[ 0.045, 0.05, 0.05, 0.05, 0.1, 0.1, 0.1, 0.1, 0.1, 0.1, 0.1, 0.005, 0.1, 0 ],
		[ 0.045, 0.05, 0.05, 0.05, 0.1, 0.1, 0.1, 0.1, 0.1, 0.1, 0.1, 0.005, 0.1, 0 ],
		[ 0.045, 0.05, 0.05, 0.1, 0.1, 0.1, 0.1, 0.1, 0.1, 0.1, 0.1, 0.005, 0.05, 0 ],
		[ 0.045, 0.05, 0.05, 0.1, 0.1, 0.1, 0.1, 0.1, 0.1, 0.1, 0.1, 0.005, 0.05, 0 ],
		[ 0.045, 0.05, 0.05, 0.1, 0.1, 0.1, 0.1, 0.1, 0.1, 0.1, 0.1, 0.005, 0.05, 0 ]
	],
  // Reel最终结果Symbol选取概率,不包含Scatter
	"ResultNoScatterSymbolsProbability": [
		[ 0.1, 0.15, 0.15, 0.15, 0.15, 0.05, 0.05, 0.05, 0.05, 0.05, 0.05, 0, 0, 0 ],
		[ 0.1, 0.1, 0.15, 0.15, 0.15, 0.05, 0.05, 0.05, 0.05, 0.05, 0.05, 0, 0.05, 0 ],
		[ 0.1, 0.1, 0.15, 0.15, 0.15, 0.05, 0.05, 0.05, 0.05, 0.05, 0.05, 0, 0.05, 0 ],
		[ 0.1, 0.1, 0.15, 0.15, 0.15, 0.05, 0.05, 0.05, 0.05, 0.05, 0.05, 0, 0.05, 0 ],
		[ 0.1, 0.1, 0.15, 0.15, 0.15, 0.05, 0.05, 0.05, 0.05, 0.05, 0.05, 0, 0.05, 0 ],
		[ 0.1, 0.05, 0.05, 0.08, 0.08, 0.08, 0.08, 0.08, 0.1, 0.1, 0.1, 0, 0.1, 0 ], //特殊Reel
		[ 0.04, 0.05, 0.05, 0.08, 0.1, 0.1, 0.1, 0.1, 0.1, 0.1, 0.1, 0.03, 0.05, 0 ],
		[ 0.04, 0.05, 0.05, 0.08, 0.1, 0.1, 0.1, 0.1, 0.1, 0.1, 0.1, 0.03, 0.05, 0 ],
		[ 0.04, 0.05, 0.05, 0.08, 0.1, 0.1, 0.1, 0.1, 0.1, 0.1, 0.1, 0.03, 0.05, 0 ],
		[ 0.04, 0.05, 0.05, 0.08, 0.1, 0.1, 0.1, 0.1, 0.1, 0.1, 0.1, 0.03, 0.05, 0 ],
		[ 0.04, 0.05, 0.05, 0.08, 0.1, 0.1, 0.1, 0.1, 0.1, 0.1, 0.1, 0.03, 0.05, 0 ]
	],
  // Coin的等级概率，《ReelID索引,概率[]》
  "CoinLevelProbability":{
	  "1":[0.998,0,0.002],
	  "2":[0.8,0.2,0],
	  "3":[0.9,0,0.1],
	  "4":[0.8,0.2,0]
  },
  // Coin不同等级的分数值集合，《Level,Value[]》
	"CoinValueByLevel": {
		"1": {
			"1": [ 15,20,30,50 ],
			"2": [ 100,150,200,300 ],
			"3": [ 500,550,600,650,700,750,800 ]
		},
		"2": {
			"1": [ 30,40,60,100 ],
			"2": [ 200,300,400,600 ],
			"3": [ 1000,1100,1200,1300,1400,1500,1600 ]
		},
		"3": {
			"1": [ 45,60,90,150 ],
			"2": [ 300,450,600,900 ],
			"3": [ 1500,1650,1800,1950,2100,2250,2400 ]
		},
		"6": {
			"1": [ 90,120,180,300 ],
			"2": [ 600,900,1200,1800 ],
			"3": [ 3000,3300,3600,3900,4200,4500,4800 ]
		},
		"10": {
			"1": [ 150,200,300,500 ],
			"2": [ 1000,1500,2000,3000 ],
			"3": [ 5000,5500,6000,6500,7000,7500,8000]
		}

	},
  // Coin不同等级的分数取值概率，《Level,概率[]》
	"CoinValueByLevelProbability": {
		"1": {
			"1": [ 0.52,0.3,0.1,0.08 ],
			"2": [ 0.5,0.3,0.15,0.05 ],
			"3": [ 0.59,0.2,0.1,0.05,0.03,0.02,0.01],
			"4": [ 0.59, 0.2, 0.1, 0.05, 0.03, 0.02, 0.01 ]
		},
		"2": {
			"1": [ 0.52, 0.3, 0.1, 0.08 ],
			"2": [ 0.5, 0.3, 0.15, 0.05 ],
			"3": [ 0.59, 0.2, 0.1, 0.05, 0.03, 0.02, 0.01 ],
			"4": [ 0.59, 0.2, 0.1, 0.05, 0.03, 0.02, 0.01 ]
		},
		"3": {
			"1": [ 0.52, 0.3, 0.1, 0.08 ],
			"2": [ 0.5, 0.3, 0.15, 0.05 ],
			"3": [ 0.59, 0.2, 0.1, 0.05, 0.03, 0.02, 0.01 ],
			"4": [ 0.59, 0.2, 0.1, 0.05, 0.03, 0.02, 0.01 ]
		},
		"6": {
			"1": [ 0.52, 0.3, 0.1, 0.08 ],
			"2": [ 0.5, 0.3, 0.15, 0.05 ],
			"3": [ 0.59, 0.2, 0.1, 0.05, 0.03, 0.02, 0.01 ],
			"4": [ 0.59, 0.2, 0.1, 0.05, 0.03, 0.02, 0.01 ]
		},
		"10": {
			"1": [ 0.52, 0.3, 0.1, 0.08 ],
			"2": [ 0.5, 0.3, 0.15, 0.05 ],
			"3": [ 0.59, 0.2, 0.1, 0.05, 0.03, 0.02, 0.01 ],
			"4": [ 0.59, 0.2, 0.1, 0.05, 0.03, 0.02, 0.01 ]
		}

	}
}